{
	"2043": 3.7776648456358783,
	"10851": 3.8544080604534003
}